{"packages":[],"notify-batch":"https:\/\/packagist.org\/downloads\/","providers-url":"\/p\/%package%$%hash%.json","metadata-url":"\/p2\/%package%.json","metadata-changes-url":"https:\/\/packagist.org\/metadata\/changes.json","search":"https:\/\/packagist.org\/search.json?q=%query%&type=%type%","list":"https:\/\/packagist.org\/packages\/list.json","security-advisories":{"metadata":true,"api-url":"https:\/\/packagist.org\/api\/security-advisories\/"},"providers-api":"https:\/\/packagist.org\/providers\/%package%.json","warning":"Support for Composer 1 is deprecated and some packages will not be available. You should upgrade to Composer 2. See https:\/\/blog.packagist.com\/deprecating-composer-1-support\/","warning-versions":"<1.99","provider-includes":{"p\/provider-2013$%hash%.json":{"sha256":"252d9486886d9ef7da16072fd3bba3755dc79109d5d347e99d5aa53875372a64"},"p\/provider-2014$%hash%.json":{"sha256":"f15fd24764c9a1d82aedbb8b923ef5f4e97df03d196f7d267ae312f2a935986e"},"p\/provider-2015$%hash%.json":{"sha256":"7bd65eabff30a4a8d4ebba0b7bdd10f348e218a206d504ab7ddf6cee75dea688"},"p\/provider-2016$%hash%.json":{"sha256":"5c908d2913a57ccdee140a8b4ba0959aa13fb96657d0d4ce7a816d958385912b"},"p\/provider-2017$%hash%.json":{"sha256":"02e943973afdf4b4a89581429fe432ad06fa91ab19496c6a6f8e1aca9c903b3f"},"p\/provider-2018$%hash%.json":{"sha256":"501a31f868b3db89f13cc850a9431579baf00d696cd1310ce6d02aea0b4c3e37"},"p\/provider-2019$%hash%.json":{"sha256":"fbc1adc2bf29574391a65a71307f46a0472102c63299e829e564e84607a005f6"},"p\/provider-2020$%hash%.json":{"sha256":"ce8e2c4451aa64422f84a628f497b11c2c3b64e3ac0c92a36514c95870d8481a"},"p\/provider-2021$%hash%.json":{"sha256":"0917f507ec843bb11be43c1546c7a1988829871970be6744529857682925486f"},"p\/provider-2022$%hash%.json":{"sha256":"de2204410c41e36d5f3a99b0d116277dde2e7f279b6c1812cae72bc90e7a951c"},"p\/provider-2023$%hash%.json":{"sha256":"aedf8d8a0bd84c5462165c95f62f38ab094e54399b7f6e3c4fdee334ee8e3c53"},"p\/provider-2023-10$%hash%.json":{"sha256":"94a30f9a3d2c10938bd4eee136ce5522a68027ce055508ab32383075686de76e"},"p\/provider-2024-01$%hash%.json":{"sha256":"83a66c7eabaa08cee267505809688c722d9ba186352b9185835823aa14276474"},"p\/provider-2024-04$%hash%.json":{"sha256":"c05776ea37ad7dc7d18a34f40e3b342f6b01915c6ff660b57f7b48b7abb2063f"},"p\/provider-archived$%hash%.json":{"sha256":"fcb69a8fe95a7f0e40a6df907ce5c456c854da4037cbb3420fe7597a88435046"},"p\/provider-latest$%hash%.json":{"sha256":"475a7d75e3f9a635fbbc376ddefd0a603cff7c96b0d2b9750572cde90f99c9c1"}},"last-modified":"Wed, 03 Jul 2024 08:02:51 GMT"}