[
    {
        "id": 1,
        "name": "afslanken",
        "linkRewrite": "afslanken",
        "language": "nl"
    },
    {
        "id": 39,
        "name": "aperitieven \/ knabbels",
        "linkRewrite": "aperitieven-knabbels",
        "language": "nl"
    },
    {
        "id": 190,
        "name": "app",
        "linkRewrite": "app",
        "language": "nl"
    },
    {
        "id": 40,
        "name": "bamboe \/ leisteen",
        "linkRewrite": "bamboe-leisteen",
        "language": "nl"
    },
    {
        "id": 41,
        "name": "barbecue \/ grill",
        "linkRewrite": "barbecue-grill",
        "language": "nl"
    },
    {
        "id": 44,
        "name": "bluetooth",
        "linkRewrite": "bluetooth",
        "language": "nl"
    },
    {
        "id": 5,
        "name": "buitenlucht \/ camping",
        "linkRewrite": "buitenlucht-camping",
        "language": "nl"
    },
    {
        "id": 15,
        "name": "chef \/ keukentjes",
        "linkRewrite": "chef-keukentjes",
        "language": "nl"
    },
    {
        "id": 46,
        "name": "comfort \/ makkelijk wandelen",
        "linkRewrite": "comfort-makkelijk-wandelen",
        "language": "nl"
    },
    {
        "id": 75,
        "name": "computers \/ componenten",
        "linkRewrite": "computers-componenten",
        "language": "nl"
    },
    {
        "id": 76,
        "name": "computers \/ perifere toestellen",
        "linkRewrite": "computers-perifere toestellen",
        "language": "nl"
    },
    {
        "id": 99,
        "name": "COVID19",
        "linkRewrite": "covid19",
        "language": "nl"
    },
    {
        "id": 7,
        "name": "decoratie",
        "linkRewrite": "decoratie",
        "language": "nl"
    },
    {
        "id": 4,
        "name": "dieren",
        "linkRewrite": "dieren",
        "language": "nl"
    },
    {
        "id": 29,
        "name": "directe verkoop",
        "linkRewrite": "directe-verkoop",
        "language": "nl"
    },
    {
        "id": 47,
        "name": "diy - do it yourself",
        "linkRewrite": "diy-do-it-yourself",
        "language": "nl"
    },
    {
        "id": 48,
        "name": "domotica \/ beveiliging",
        "linkRewrite": "domotica-beveiliging",
        "language": "nl"
    },
    {
        "id": 32,
        "name": "drank",
        "linkRewrite": "drank",
        "language": "nl"
    },
    {
        "id": 104,
        "name": "ECOFriendly",
        "linkRewrite": "ecofriendly",
        "language": "nl"
    },
    {
        "id": 49,
        "name": "emoticons",
        "linkRewrite": "emoticons",
        "language": "nl"
    },
    {
        "id": 79,
        "name": "entertainment",
        "linkRewrite": "entertainment",
        "language": "nl"
    },
    {
        "id": 13,
        "name": "feest",
        "linkRewrite": "feest",
        "language": "nl"
    },
    {
        "id": 43,
        "name": "fiets",
        "linkRewrite": "fiets",
        "language": "nl"
    },
    {
        "id": 45,
        "name": "film en televisie",
        "linkRewrite": "film-en-televisie",
        "language": "nl"
    },
    {
        "id": 87,
        "name": "Football World Cup",
        "linkRewrite": "football_world_cup",
        "language": "nl"
    },
    {
        "id": 50,
        "name": "fotografie",
        "linkRewrite": "fotografie",
        "language": "nl"
    },
    {
        "id": 191,
        "name": "Free Shipping",
        "linkRewrite": "free-shipping",
        "language": "nl"
    },
    {
        "id": 84,
        "name": "gaming",
        "linkRewrite": "gaming",
        "language": "nl"
    },
    {
        "id": 192,
        "name": "geek",
        "linkRewrite": "geek",
        "language": "nl"
    },
    {
        "id": 100,
        "name": "Gerenoveerd",
        "linkRewrite": "gerenoveerd",
        "language": "nl"
    },
    {
        "id": 69,
        "name": "gezonde leven",
        "linkRewrite": "gezonde-leven",
        "language": "nl"
    },
    {
        "id": 62,
        "name": "haar \/ beauty",
        "linkRewrite": "haar-beauty",
        "language": "nl"
    },
    {
        "id": 89,
        "name": "Halloween",
        "linkRewrite": "halloween",
        "language": "nl"
    },
    {
        "id": 12,
        "name": "hardware",
        "linkRewrite": "hardware",
        "language": "nl"
    },
    {
        "id": 85,
        "name": "hot deals",
        "linkRewrite": "hot-deals",
        "language": "nl"
    },
    {
        "id": 26,
        "name": "in de mode",
        "linkRewrite": "in-de-mode",
        "language": "nl"
    },
    {
        "id": 59,
        "name": "kantoor",
        "linkRewrite": "kantoor",
        "language": "nl"
    },
    {
        "id": 61,
        "name": "kea -kleine elektrische apparaten",
        "linkRewrite": "kea-kleine-elektrische-apparaten",
        "language": "nl"
    },
    {
        "id": 64,
        "name": "kiosken \/ bazaren",
        "linkRewrite": "kiosken-bazaren",
        "language": "nl"
    },
    {
        "id": 17,
        "name": "led \/ verlichting",
        "linkRewrite": "led-verlichting",
        "language": "nl"
    },
    {
        "id": 18,
        "name": "licenties",
        "linkRewrite": "licenties",
        "language": "nl"
    },
    {
        "id": 3,
        "name": "liefde \/ romantisch",
        "linkRewrite": "liefde-romantisch",
        "language": "nl"
    },
    {
        "id": 56,
        "name": "massage \/ onspanning",
        "linkRewrite": "massage-onspanning",
        "language": "nl"
    },
    {
        "id": 37,
        "name": "merchandising",
        "linkRewrite": "merchandising",
        "language": "nl"
    },
    {
        "id": 82,
        "name": "meubels",
        "linkRewrite": "meubels",
        "language": "nl"
    },
    {
        "id": 42,
        "name": "milkshakes en sappen",
        "linkRewrite": "milkshakes-en-sappen",
        "language": "nl"
    },
    {
        "id": 58,
        "name": "motor\r\n",
        "linkRewrite": "motor\r\n",
        "language": "nl"
    },
    {
        "id": 57,
        "name": "muziek\r\n",
        "linkRewrite": "muziek\r\n",
        "language": "nl"
    },
    {
        "id": 19,
        "name": "nacht",
        "linkRewrite": "nacht",
        "language": "nl"
    },
    {
        "id": 78,
        "name": "netwerken\/bedrading",
        "linkRewrite": "netwerken-bedrading",
        "language": "nl"
    },
    {
        "id": 88,
        "name": "Oktoberfest",
        "linkRewrite": "oktoberfest",
        "language": "nl"
    },
    {
        "id": 94,
        "name": "Olympic Games Tokyo 2021",
        "linkRewrite": "olympic-games-tokyo-2021",
        "language": "nl"
    },
    {
        "id": 9,
        "name": "ontbijten",
        "linkRewrite": "ontbijten",
        "language": "nl"
    },
    {
        "id": 53,
        "name": "opblaasartikelen",
        "linkRewrite": "opblaasartikelen",
        "language": "nl"
    },
    {
        "id": 60,
        "name": "opruimen",
        "linkRewrite": "opruimen",
        "language": "nl"
    },
    {
        "id": 66,
        "name": "origineel cadeau",
        "linkRewrite": "origineel-cadeau",
        "language": "nl"
    },
    {
        "id": 20,
        "name": "outlet",
        "linkRewrite": "outlet",
        "language": "nl"
    },
    {
        "id": 73,
        "name": "parfums",
        "linkRewrite": "parfums",
        "language": "nl"
    },
    {
        "id": 36,
        "name": "Pasen",
        "linkRewrite": "pasen",
        "language": "nl"
    },
    {
        "id": 74,
        "name": "persoonlijke verzorging",
        "linkRewrite": "persoonlijke_verzorging",
        "language": "nl"
    },
    {
        "id": 101,
        "name": "Pride Day",
        "linkRewrite": "pride_day",
        "language": "nl"
    },
    {
        "id": 65,
        "name": "radiocontrole \/ op afstand bestuurbaar",
        "linkRewrite": "radiocontrole-op-afstand-bestuurbaar",
        "language": "nl"
    },
    {
        "id": 86,
        "name": "Reckitt Benckiser",
        "linkRewrite": "reckitt_benkisser",
        "language": "nl"
    },
    {
        "id": 31,
        "name": "reizen",
        "linkRewrite": "reizen",
        "language": "nl"
    },
    {
        "id": 51,
        "name": "rokers",
        "linkRewrite": "rokers",
        "language": "nl"
    },
    {
        "id": 67,
        "name": "running",
        "linkRewrite": "running",
        "language": "nl"
    },
    {
        "id": 91,
        "name": "rustgevende stijl\r\n",
        "linkRewrite": "rustgevende_stijl",
        "language": "nl"
    },
    {
        "id": 11,
        "name": "schoonheid",
        "linkRewrite": "schoonheid",
        "language": "nl"
    },
    {
        "id": 55,
        "name": "schoonmaak",
        "linkRewrite": "schoonmaak",
        "language": "nl"
    },
    {
        "id": 27,
        "name": "seks",
        "linkRewrite": "seks",
        "language": "nl"
    },
    {
        "id": 77,
        "name": "software",
        "linkRewrite": "software",
        "language": "nl"
    },
    {
        "id": 54,
        "name": "spelletjes voor volwassenen",
        "linkRewrite": "spelletjes-voor-volwassenen",
        "language": "nl"
    },
    {
        "id": 97,
        "name": "Sport at home",
        "linkRewrite": "sport-at-home",
        "language": "nl"
    },
    {
        "id": 8,
        "name": "sporter \/ in vorm",
        "linkRewrite": "sporter-in-vorm",
        "language": "nl"
    },
    {
        "id": 52,
        "name": "sportschool",
        "linkRewrite": "sportschool",
        "language": "nl"
    },
    {
        "id": 95,
        "name": "St.Patrick's Day",
        "linkRewrite": "st_patricks_day",
        "language": "nl"
    },
    {
        "id": 92,
        "name": "Star Wars",
        "linkRewrite": "star-wars",
        "language": "nl"
    },
    {
        "id": 103,
        "name": "Supermarket",
        "linkRewrite": "supermarket",
        "language": "nl"
    },
    {
        "id": 83,
        "name": "tekenfilms",
        "linkRewrite": "tekenfilms",
        "language": "nl"
    },
    {
        "id": 68,
        "name": "telefoons & tablets",
        "linkRewrite": "telefoons-tablets",
        "language": "nl"
    },
    {
        "id": 98,
        "name": "Teleworking",
        "linkRewrite": "teleworking",
        "language": "nl"
    },
    {
        "id": 38,
        "name": "terug naar school",
        "linkRewrite": "terug-naar-school",
        "language": "nl"
    },
    {
        "id": 93,
        "name": "UEFA Euro 2024",
        "linkRewrite": "uefa-euro-2024",
        "language": "nl"
    },
    {
        "id": 71,
        "name": "uitrusten \/ slapen",
        "linkRewrite": "uitrusten-slapen",
        "language": "nl"
    },
    {
        "id": 35,
        "name": "Valentijnsdag",
        "linkRewrite": "valentijnsdag",
        "language": "nl"
    },
    {
        "id": 33,
        "name": "vintage \/ retro",
        "linkRewrite": "vintage-retro",
        "language": "nl"
    },
    {
        "id": 63,
        "name": "vissen",
        "linkRewrite": "vissen",
        "language": "nl"
    },
    {
        "id": 70,
        "name": "Voor de kleintjes",
        "linkRewrite": "voor-de-kleintjes",
        "language": "nl"
    },
    {
        "id": 16,
        "name": "winter",
        "linkRewrite": "winter",
        "language": "nl"
    },
    {
        "id": 30,
        "name": "zomer",
        "linkRewrite": "zomer",
        "language": "nl"
    },
    {
        "id": 10,
        "name": "zonne-energie \/ milieu",
        "linkRewrite": "zonne-energie-milieu",
        "language": "nl"
    }
]