{"packages":[],"notify-batch":"https:\/\/packagist.org\/downloads\/","providers-url":"\/p\/%package%$%hash%.json","metadata-url":"\/p2\/%package%.json","metadata-changes-url":"https:\/\/packagist.org\/metadata\/changes.json","search":"https:\/\/packagist.org\/search.json?q=%query%&type=%type%","list":"https:\/\/packagist.org\/packages\/list.json","security-advisories":{"metadata":true,"api-url":"https:\/\/packagist.org\/api\/security-advisories\/"},"providers-api":"https:\/\/packagist.org\/providers\/%package%.json","warning":"Support for Composer 1 is deprecated and some packages will not be available. You should upgrade to Composer 2. See https:\/\/blog.packagist.com\/deprecating-composer-1-support\/","warning-versions":"<1.99","provider-includes":{"p\/provider-2013$%hash%.json":{"sha256":"f396308b32ad83f67f1927330bf396790b709470e47aa39da96978e043682478"},"p\/provider-2014$%hash%.json":{"sha256":"f15fd24764c9a1d82aedbb8b923ef5f4e97df03d196f7d267ae312f2a935986e"},"p\/provider-2015$%hash%.json":{"sha256":"4d7ed7051565e51efdf2bb9ce5b09bc624aa18ea060b882a1ad29b02abd98d73"},"p\/provider-2016$%hash%.json":{"sha256":"60d4b7be41334c23f0ede01f8098c3f46fc70b13487c14dfa1c1a1b8e944d597"},"p\/provider-2017$%hash%.json":{"sha256":"82d11834b07d25a7d7305869333b11aabc5035719940c2fbeedc72e41dfcf277"},"p\/provider-2018$%hash%.json":{"sha256":"798d615f93c2044b3e01685b85b72686002386382f12656f1227ee8d2bfc2393"},"p\/provider-2019$%hash%.json":{"sha256":"d3304f4603fc657d809cc7cc2742a3f9c95e3c156e0b5b44a7b2fae0b1439efa"},"p\/provider-2020$%hash%.json":{"sha256":"3a7518e74252010a3cf82bbe7e8fe707ae34bee924dc8c205bc4ae4bbb08bf75"},"p\/provider-2021$%hash%.json":{"sha256":"6ed4f513c48f3282440dc88aca44f1f2ef94a9289cb22aeb45505ddbd2f9dcfe"},"p\/provider-2022$%hash%.json":{"sha256":"ea995db97ba9a667e90f8a1f9241478a16a8e4cd562f03e7b63c1620674b993b"},"p\/provider-2023$%hash%.json":{"sha256":"8347df123a8c4511b700682df63bac568ff00ac607c7c408b36cb4527337b1b7"},"p\/provider-2023-10$%hash%.json":{"sha256":"ddc46fd6b0a6416ea9ae66625dbd87e691a683d4fbe384c9fbdb3df15dc050ed"},"p\/provider-2024-01$%hash%.json":{"sha256":"ef7c99c3b40cf8d607da8c13d717b952d785c7bdf7b7b8ba0aeb7b2955d53e3d"},"p\/provider-2024-04$%hash%.json":{"sha256":"05940bb84a45e73c7ead017c5ab7fc0c9ef793b88c60b71a7a0157bc538a7ca0"},"p\/provider-archived$%hash%.json":{"sha256":"1e96e1996bfc89bbbef7051e1ffb5ce57308c5f04cf0b9e20720c8648ab29d33"},"p\/provider-latest$%hash%.json":{"sha256":"9de8419723a8ae292b10b3dd07d898f3336b78927afb9e2a056c7ef3a563fdf2"}},"last-modified":"Tue, 02 Jul 2024 19:02:43 GMT"}